{"cameraMode":{"drawMode":0,"name":"Shaded","section":"Shading Mode"},"sceneLighting":false,"audioPlay":false,"sceneViewState":{"showFog":true,"showMaterialUpdate":false,"showSkybox":false,"showFlares":true,"showImageEffects":true,"showParticleSystems":true},"in2DMode":false,"pivot":{"x":11.305000305175782,"y":0.4320000112056732,"z":3.367000102996826},"rotation":{"x":-0.2480829805135727,"y":0.02848893404006958,"z":-0.007297298405319452,"w":-0.9683001041412354},"size":10.0,"orthographic":false}